{"cameraMode":{"drawMode":0,"name":"Shaded","section":"Shading Mode"},"sceneLighting":false,"audioPlay":false,"sceneViewState":{"showFog":true,"showMaterialUpdate":true,"showSkybox":false,"showFlares":true,"showImageEffects":true,"showParticleSystems":true},"in2DMode":false,"pivot":{"x":0.03333333134651184,"y":-0.06200003623962402,"z":0.0},"rotation":{"x":-0.08893072605133057,"y":0.16564297676086427,"z":-0.014999945648014546,"w":-0.9820533394813538},"size":3.4286985397338869,"orthographic":false}